,Subject,Condition,Trial,Time_Box,Days_Past,RT,Total.Number.of.People,Unique.Within.Day,Unique.Overall,Specific.Description,Vague.Description
1,2001,Backward Recall,backward,evening,1,58478.2,0,0,0,0,0
2,2001,Backward Recall,backward,midday,1,65087.3,9,9,9,6,3
3,2001,Backward Recall,backward,morning,1,9462.7,3,3,3,3,0
4,2001,Backward Recall,backward,evening,2,37030.4,5,5,3,5,0
5,2001,Backward Recall,backward,midday,2,33858.5,7,5,2,3,4
6,2001,Backward Recall,backward,morning,2,19358.5,1,0,0,1,0
7,2001,Backward Recall,backward,evening,3,17538.3,2,0,0,2,0
8,2001,Backward Recall,backward,midday,3,14001.7,2,2,1,2,0
9,2001,Backward Recall,backward,morning,3,10976.7,1,0,0,1,0
10,2001,Backward Recall,backward,evening,4,10709.6,2,2,1,2,0
11,2001,Backward Recall,backward,midday,4,11346.2,2,0,0,2,0
12,2001,Backward Recall,backward,morning,4,4738,0,0,0,0,0
13,2002,Forward Recall,forward,morning,4,36639.7,8,8,8,7,1
14,2002,Forward Recall,forward,midday,4,10543.2,1,0,0,1,0
15,2002,Forward Recall,forward,evening,4,3715.7,1,0,0,1,0
16,2002,Forward Recall,forward,morning,3,20435.3,1,1,0,1,0
17,2002,Forward Recall,forward,midday,3,9026,3,2,2,3,0
18,2002,Forward Recall,forward,evening,3,8300.3,1,0,0,1,0
19,2002,Forward Recall,forward,morning,2,11305.4,1,1,0,1,0
20,2002,Forward Recall,forward,midday,2,31276.1,9,8,6,9,0
21,2002,Forward Recall,forward,evening,2,4689.2,1,0,0,1,0
22,2002,Forward Recall,forward,morning,1,10362.5,1,1,0,1,0
23,2002,Forward Recall,forward,midday,1,25834.9,7,7,5,7,0
24,2002,Forward Recall,forward,evening,1,4257,1,0,0,1,0
25,2003,Free Recall,FR,FR,1,134890.4,12,0,12,12,0
26,2004,Free Recall,FR,FR,1,147797.1,4,0,4,1,3
27,2005,Forward Recall,forward,midday,4,50982.2,8,8,8,8,0
28,2005,Forward Recall,forward,evening,4,38830,10,7,10,10,0
29,2005,Forward Recall,forward,morning,3,20942.5,4,2,2,4,0
30,2005,Forward Recall,forward,midday,3,45285.5,8,8,4,5,0
31,2005,Forward Recall,forward,evening,3,12378.2,4,0,0,4,0
32,2005,Forward Recall,forward,morning,2,10649.5,4,2,0,4,0
33,2005,Forward Recall,forward,midday,2,11626.8,5,5,1,5,0
34,2005,Forward Recall,forward,evening,2,23601.2,12,7,7,12,0
35,2005,Forward Recall,forward,morning,1,16765.2,4,4,2,4,0
36,2005,Forward Recall,forward,midday,1,7087.5,1,1,0,1,0
37,2005,Forward Recall,forward,evening,1,7999.6,2,1,0,2,0
38,2006,Forward Recall,forward,morning,4,18677,1,1,1,1,0
39,2006,Forward Recall,forward,midday,4,15270,4,4,4,4,0
40,2006,Forward Recall,forward,evening,4,9609,4,4,4,2,0
41,2006,Forward Recall,forward,morning,3,8206,1,1,1,1,0
42,2006,Forward Recall,forward,midday,3,4644,2,2,2,2,0
43,2006,Forward Recall,forward,evening,3,4058,2,2,0,2,0
44,2006,Forward Recall,forward,morning,2,11309,1,1,0,1,0
45,2006,Forward Recall,forward,midday,2,28951,4,4,4,4,0
46,2006,Forward Recall,forward,evening,2,4016,2,0,0,2,0
47,2006,Forward Recall,forward,morning,1,16108,3,3,3,3,0
48,2006,Forward Recall,forward,midday,1,8208,0,0,0,0,0
49,2006,Forward Recall,forward,evening,1,8341,0,0,0,0,0
50,2007,Backward Recall,backward,evening,1,22788.8,4,4,4,4,0
51,2007,Backward Recall,backward,midday,1,24866.9,6,3,3,6,0
52,2007,Backward Recall,backward,morning,1,6396.6,2,1,1,2,0
53,2007,Backward Recall,backward,evening,2,42205.4,6,6,2,6,0
54,2007,Backward Recall,backward,midday,2,16449.8,3,1,0,3,0
55,2007,Backward Recall,backward,morning,2,14319.7,3,0,0,3,0
56,2007,Backward Recall,backward,evening,3,12743.2,4,4,1,4,0
57,2007,Backward Recall,backward,midday,3,6858.7,1,0,0,1,0
58,2007,Backward Recall,backward,morning,3,11179.8,1,0,0,1,0
59,2007,Backward Recall,backward,evening,4,7683.7,2,2,0,2,0
60,2007,Backward Recall,backward,midday,4,17726.5,2,0,0,2,0
61,2007,Backward Recall,backward,morning,4,8789.4,2,0,0,3,0
62,2008,Forward Recall,forward,morning,4,27907.2,12,12,12,12,0
63,2008,Forward Recall,forward,midday,4,9822.4,3,3,2,3,0
64,2008,Forward Recall,forward,evening,4,23027.9,7,5,5,7,0
65,2008,Forward Recall,forward,morning,3,6940.1,2,2,0,2,0
66,2008,Forward Recall,forward,midday,3,4115.4,2,0,0,2,0
67,2008,Forward Recall,forward,evening,3,5679,3,1,1,3,0
68,2008,Forward Recall,forward,morning,2,5081.4,2,2,0,2,0
69,2008,Forward Recall,forward,midday,2,15774.5,9,7,4,9,0
70,2008,Forward Recall,forward,evening,2,3364.2,2,0,0,2,0
71,2008,Forward Recall,forward,morning,1,5928.4,2,2,0,2,0
72,2008,Forward Recall,forward,midday,1,7262.6,0,0,0,0,0
73,2008,Forward Recall,forward,evening,1,9291.8,0,0,0,0,0
74,2009,Backward Recall,backward,evening,1,46063.8,6,6,6,6,0
75,2009,Backward Recall,backward,midday,1,140282.9,6,3,3,3,3
76,2009,Backward Recall,backward,morning,1,18090.2,3,0,0,3,0
77,2009,Backward Recall,backward,evening,2,24309.7,3,3,0,3,0
78,2009,Backward Recall,backward,midday,2,42330.7,4,1,1,3,1
79,2009,Backward Recall,backward,morning,2,6927.3,3,0,0,3,0
80,2009,Backward Recall,backward,evening,3,10685.8,3,3,0,3,0
81,2009,Backward Recall,backward,midday,3,6107.2,3,0,0,3,0
82,2009,Backward Recall,backward,morning,3,5544.3,3,0,0,3,0
83,2009,Backward Recall,backward,evening,4,22901.3,3,3,0,3,0
84,2009,Backward Recall,backward,midday,4,27990.7,5,2,1,3,2
85,2009,Backward Recall,backward,morning,4,7960.2,3,0,0,3,0
86,2010,Free Recall,FR,FR,1,77725,13,0,13,12,1
87,2011,Free Recall,FR,FR,1,139901.7,7,0,7,4,3
88,2012,Backward Recall,backward,evening,1,49277.6,0,0,0,0,0
89,2012,Backward Recall,backward,midday,1,15496.6,3,3,3,3,0
90,2012,Backward Recall,backward,morning,1,8544.4,4,2,2,2,0
91,2012,Backward Recall,backward,evening,2,10696.6,2,2,0,2,0
92,2012,Backward Recall,backward,midday,2,12211.4,2,0,0,2,0
93,2012,Backward Recall,backward,morning,2,5836.1,2,0,0,2,0
94,2012,Backward Recall,backward,evening,3,11387.8,2,2,0,2,0
95,2012,Backward Recall,backward,midday,3,14155.5,4,2,2,4,0
96,2012,Backward Recall,backward,morning,3,7853,2,0,0,2,0
97,2012,Backward Recall,backward,evening,4,5322.7,2,2,0,2,0
98,2012,Backward Recall,backward,midday,4,4510.3,2,0,0,2,0
99,2012,Backward Recall,backward,morning,4,4918.4,2,0,0,2,0
100,2013,Forward Recall,forward,morning,4,33612,4,4,4,4,0
101,2013,Forward Recall,forward,midday,4,16754,3,2,2,3,0
102,2013,Forward Recall,forward,evening,4,2911,2,2,2,2,0
103,2013,Forward Recall,forward,morning,3,15248,5,5,5,5,0
104,2013,Forward Recall,forward,midday,3,11305,4,1,0,4,0
105,2013,Forward Recall,forward,evening,3,10062,1,0,0,1,0
106,2013,Forward Recall,forward,morning,2,15387,6,6,1,6,0
107,2013,Forward Recall,forward,midday,2,11658,4,0,0,4,0
108,2013,Forward Recall,forward,evening,2,5017,3,0,0,3,0
109,2013,Forward Recall,forward,morning,1,8343,3,3,0,3,0
110,2013,Forward Recall,forward,midday,1,6645,3,0,0,3,0
111,2013,Forward Recall,forward,evening,1,5113,1,0,0,1,0
124,2015,Forward Recall,forward,morning,4,34954.5,4,4,4,2,2
125,2015,Forward Recall,forward,midday,4,38473,2,2,2,2,0
126,2015,Forward Recall,forward,evening,4,7275.5,1,1,1,1,0
127,2015,Forward Recall,forward,morning,3,40665.7,5,5,5,5,0
128,2015,Forward Recall,forward,midday,3,27818.9,3,0,0,3,0
129,2015,Forward Recall,forward,evening,3,10118,2,2,1,2,0
130,2015,Forward Recall,forward,morning,2,21515.4,2,2,2,2,0
131,2015,Forward Recall,forward,midday,2,41876.8,2,0,0,2,0
132,2015,Forward Recall,forward,evening,2,5396.5,2,2,2,0,0
133,2015,Forward Recall,forward,morning,1,8132.8,1,1,0,1,0
134,2015,Forward Recall,forward,midday,1,7680.7,0,0,0,0,0
135,2015,Forward Recall,forward,evening,1,4963.4,0,0,0,0,0
136,2016,Free Recall,FR,FR,1,149211.5,22,0,22,18,4
137,2017,Free Recall,FR,FR,1,119911.2,11,0,11,10,1
150,2019,Forward Recall,forward,morning,4,14187.8,0,0,0,0,0
151,2019,Forward Recall,forward,midday,4,9491.5,6,6,6,6,0
152,2019,Forward Recall,forward,evening,4,8461.6,4,4,3,4,0
153,2019,Forward Recall,forward,morning,3,9927.2,0,0,0,0,0
154,2019,Forward Recall,forward,midday,3,5517.2,3,3,2,3,0
155,2019,Forward Recall,forward,evening,3,8063.9,3,1,0,3,0
156,2019,Forward Recall,forward,morning,2,10719.5,0,0,0,0,0
157,2019,Forward Recall,forward,midday,2,8791.3,4,4,0,4,0
158,2019,Forward Recall,forward,evening,2,11326.1,5,1,1,5,0
159,2019,Forward Recall,forward,morning,1,12368.2,0,0,0,0,0
160,2019,Forward Recall,forward,midday,1,4144.3,2,2,2,2,0
161,2019,Forward Recall,forward,evening,1,5244.7,3,1,1,3,0
162,2020,Free Recall,FR,FR,1,23383.6,4,0,4,3,1
163,2021,Forward Recall,forward,midday,4,41301,7,7,7,4,3
164,2021,Forward Recall,forward,evening,4,44411,7,7,7,0,7
165,2021,Forward Recall,forward,morning,3,13876,2,2,2,1,1
166,2021,Forward Recall,forward,midday,3,33707,7,7,4,0,7
167,2021,Forward Recall,forward,evening,3,57323,8,4,4,0,8
168,2021,Forward Recall,forward,morning,2,66458,13,6,3,3,10
169,2021,Forward Recall,forward,midday,2,23327,5,5,0,1,4
170,2021,Forward Recall,forward,evening,2,15297,3,2,0,1,2
171,2021,Forward Recall,forward,morning,1,29609,5,5,0,1,4
172,2021,Forward Recall,forward,midday,1,20256,4,2,2,0,4
173,2021,Forward Recall,forward,evening,1,36761,0,0,0,0,0
174,2022,Forward Recall,forward,morning,4,54876,6,6,6,6,0
175,2022,Forward Recall,forward,midday,4,21125.4,3,3,3,3,0
176,2022,Forward Recall,forward,evening,4,8455.7,2,0,0,2,0
177,2022,Forward Recall,forward,morning,3,21739,3,3,1,3,0
178,2022,Forward Recall,forward,midday,3,6454.4,1,0,0,1,0
179,2022,Forward Recall,forward,evening,3,5766.1,1,0,0,1,0
180,2022,Forward Recall,forward,morning,2,5970.9,1,1,0,1,0
181,2022,Forward Recall,forward,midday,2,4240.8,1,0,0,1,0
182,2022,Forward Recall,forward,evening,2,4864.4,1,0,0,1,0
183,2022,Forward Recall,forward,morning,1,11292.3,3,3,2,1,2
184,2022,Forward Recall,forward,midday,1,11577.9,1,0,0,1,0
185,2022,Forward Recall,forward,evening,1,7678.6,1,0,0,1,0
186,2023,Backward Recall,backward,evening,1,55168.1,7,7,7,4,3
187,2023,Backward Recall,backward,midday,1,10194.1,12,8,8,5,3
188,2023,Backward Recall,backward,morning,1,31731.9,4,3,3,2,2
189,2023,Backward Recall,backward,evening,2,72238.6,13,13,6,13,0
190,2023,Backward Recall,backward,midday,2,22228.6,2,0,0,2,0
191,2023,Backward Recall,backward,morning,2,5824.3,2,0,0,2,0
192,2023,Backward Recall,backward,evening,3,64979.3,11,11,4,10,1
193,2023,Backward Recall,backward,midday,3,82985.1,2,0,2,2,0
194,2023,Backward Recall,backward,morning,3,7811.7,2,0,0,2,0
195,2023,Backward Recall,backward,evening,4,74010.8,9,9,3,8,1
196,2023,Backward Recall,backward,midday,4,15084,2,0,0,2,0
197,2023,Backward Recall,backward,morning,4,20107.7,2,0,2,1,1
210,2025,Free Recall,FR,FR,1,52948.5,4,0,4,3,1
211,2026,Forward Recall,forward,morning,4,81424,9,9,9,9,0
212,2026,Forward Recall,forward,midday,4,27755,2,2,2,2,0
213,2026,Forward Recall,forward,evening,4,12649,4,3,3,4,0
214,2026,Forward Recall,forward,morning,3,8239,1,1,1,1,0
215,2026,Forward Recall,forward,midday,3,21054,3,3,2,3,0
216,2026,Forward Recall,forward,evening,3,7624,1,0,0,1,0
217,2026,Forward Recall,forward,morning,2,19444,4,4,2,4,0
218,2026,Forward Recall,forward,midday,2,4428,2,2,0,2,0
219,2026,Forward Recall,forward,evening,2,13432,2,0,0,2,0
220,2026,Forward Recall,forward,morning,1,46939,3,3,0,3,0
221,2026,Forward Recall,forward,midday,1,3848,1,0,0,1,0
222,2026,Forward Recall,forward,evening,1,1672,3,2,2,0,3
223,2027,Free Recall,FR,FR,1,41076,6,0,6,6,0
224,2028,Free Recall,FR,FR,1,18372.8,1,0,1,1,0
237,2030,Backward Recall,backward,evening,1,8834.3,6,6,6,2,1
238,2030,Backward Recall,backward,midday,1,31227.7,8,8,6,5,1
239,2030,Backward Recall,backward,morning,1,17929.1,2,1,1,2,0
240,2030,Backward Recall,backward,evening,2,45764.6,3,3,3,6,0
241,2030,Backward Recall,backward,midday,2,37346,4,2,1,4,0
242,2030,Backward Recall,backward,morning,2,11527.2,2,0,0,2,0
243,2030,Backward Recall,backward,evening,3,5928.6,0,0,0,0,0
244,2030,Backward Recall,backward,midday,3,6711.8,1,1,0,1,0
245,2030,Backward Recall,backward,morning,3,28679.5,7,7,1,7,0
246,2030,Backward Recall,backward,evening,4,36678.9,8,8,5,8,0
247,2030,Backward Recall,backward,midday,4,18831.6,4,0,1,4,0
248,2030,Backward Recall,backward,morning,4,11278.6,2,0,0,2,0
249,2031,Free Recall,FR,FR,1,66399.985,9,0,9,9,0
250,2032,Backward Recall,backward,evening,1,54562,4,4,4,3,1
251,2032,Backward Recall,backward,midday,1,24117.2,1,1,1,1,0
252,2032,Backward Recall,backward,morning,1,36838.4,2,2,2,2,0
253,2032,Backward Recall,backward,evening,2,11870.6,2,2,0,2,0
254,2032,Backward Recall,backward,midday,2,6214.6,2,0,0,2,0
255,2032,Backward Recall,backward,morning,2,4430.7,2,0,0,2,0
256,2032,Backward Recall,backward,evening,3,6730,2,2,0,2,0
257,2032,Backward Recall,backward,midday,3,4951.2,1,0,0,1,0
258,2032,Backward Recall,backward,morning,3,8759.1,0,0,0,0,0
259,2032,Backward Recall,backward,evening,4,13473.8,2,1,0,2,0
260,2032,Backward Recall,backward,midday,4,5593.1,2,0,0,2,0
261,2032,Backward Recall,backward,morning,4,4611.6,2,0,0,2,0
262,2033,Free Recall,FR,FR,1,141200.5,1,0,1,1,0
263,2034,Backward Recall,backward,evening,1,26583,6,6,6,2,4
264,2034,Backward Recall,backward,midday,1,18623.7,6,6,6,0,6
265,2034,Backward Recall,backward,morning,1,9359,3,2,2,3,0
266,2034,Backward Recall,backward,evening,2,14506.6,5,5,5,5,0
267,2034,Backward Recall,backward,midday,2,17049,6,1,4,0,6
268,2034,Backward Recall,backward,morning,2,6232.5,0,0,0,0,0
269,2034,Backward Recall,backward,evening,3,4587.1,0,0,0,0,0
270,2034,Backward Recall,backward,midday,3,4022.3,0,0,0,0,0
271,2034,Backward Recall,backward,morning,3,5223.3,2,2,0,0,2
272,2034,Backward Recall,backward,evening,4,6154.7,4,4,4,4,0
273,2034,Backward Recall,backward,midday,4,3671,0,0,0,0,0
274,2034,Backward Recall,backward,morning,4,2977.1,0,0,0,0,0
275,2035,Forward Recall,forward,morning,4,17324,13,13,13,13,0
276,2035,Forward Recall,forward,midday,4,21675,4,4,4,4,0
277,2035,Forward Recall,forward,evening,4,11868,3,0,0,3,0
278,2035,Forward Recall,forward,morning,3,14319,8,8,0,3,0
279,2035,Forward Recall,forward,midday,3,6728,1,1,1,1,0
280,2035,Forward Recall,forward,evening,3,30869,2,2,2,2,0
281,2035,Forward Recall,forward,morning,2,22483,5,5,0,5,0
282,2035,Forward Recall,forward,midday,2,8114,4,0,0,4,0
283,2035,Forward Recall,forward,evening,2,9802,2,0,0,2,0
284,2035,Forward Recall,forward,morning,1,10235,6,6,2,6,0
285,2035,Forward Recall,forward,midday,1,5464,2,0,0,2,0
286,2035,Forward Recall,forward,evening,1,7226,2,0,0,2,0
287,2036,Free Recall,FR,FR,1,126427.5,15,0,15,10,5
288,2037,Backward Recall,backward,evening,1,22194.3,0,0,0,0,0
289,2037,Backward Recall,backward,midday,1,23896.5,12,12,12,10,2
290,2037,Backward Recall,backward,morning,1,14294.5,2,1,1,2,0
291,2037,Backward Recall,backward,evening,2,69431.1,5,5,4,5,0
292,2037,Backward Recall,backward,midday,2,10666.4,1,0,0,1,0
293,2037,Backward Recall,backward,morning,2,15149.4,0,0,0,0,0
294,2037,Backward Recall,backward,evening,3,38065.5,2,2,1,1,0
295,2037,Backward Recall,backward,midday,3,13946.5,1,0,0,1,0
296,2037,Backward Recall,backward,morning,3,9358.5,1,0,0,1,0
297,2037,Backward Recall,backward,evening,4,49155.1,13,13,8,13,0
298,2037,Backward Recall,backward,midday,4,23843.8,5,1,1,5,0
299,2037,Backward Recall,backward,morning,4,278814.7,1,0,0,1,0
300,2038,Forward Recall,forward,morning,4,28670,7,7,7,7,0
301,2038,Forward Recall,forward,midday,4,20210,6,4,4,6,0
302,2038,Forward Recall,forward,evening,4,10046,2,0,0,2,0
303,2038,Forward Recall,forward,morning,3,7684,1,1,0,1,0
304,2038,Forward Recall,forward,midday,3,6075,2,1,0,1,0
305,2038,Forward Recall,forward,evening,3,14344,6,5,4,6,0
306,2038,Forward Recall,forward,morning,2,12170,2,2,0,2,0
307,2038,Forward Recall,forward,midday,2,13260,5,3,2,3,0
308,2038,Forward Recall,forward,evening,2,15093,4,2,2,4,0
309,2038,Forward Recall,forward,morning,1,7615,2,2,0,2,0
310,2038,Forward Recall,forward,midday,1,12397,4,2,0,4,0
311,2038,Forward Recall,forward,evening,1,6639,2,0,0,2,0
312,2039,Free Recall,FR,FR,1,129624.3,21,0,21,21,0
313,2040,Free Recall,FR,FR,1,52409.7,7,0,7,7,0
314,2041,Backward Recall,backward,evening,1,47419.2,11,11,11,10,1
315,2041,Backward Recall,backward,midday,1,34610.4,7,5,5,7,0
316,2041,Backward Recall,backward,morning,1,21820.8,1,0,0,1,0
317,2041,Backward Recall,backward,evening,2,96703.5,6,6,3,6,0
318,2041,Backward Recall,backward,midday,2,24610.1,4,1,1,4,0
319,2041,Backward Recall,backward,morning,2,9097,1,0,0,1,0
320,2041,Backward Recall,backward,evening,3,52497.7,6,6,3,6,0
321,2041,Backward Recall,backward,midday,3,21312,3,0,0,3,0
322,2041,Backward Recall,backward,morning,3,4541,0,0,0,0,0
323,2041,Backward Recall,backward,evening,4,36287.2,4,4,2,0,0
324,2041,Backward Recall,backward,midday,4,11745,2,0,0,2,0
325,2041,Backward Recall,backward,morning,4,4530.4,1,0,0,1,0
326,2042,Forward Recall,forward,morning,4,16122.3,0,0,0,0,0
327,2042,Forward Recall,forward,midday,4,79551,8,8,8,8,0
328,2042,Forward Recall,forward,evening,4,90619.2,6,5,3,6,0
329,2042,Forward Recall,forward,morning,3,11393.6,0,0,0,0,0
330,2042,Forward Recall,forward,midday,3,30732.2,1,1,0,1,0
331,2042,Forward Recall,forward,evening,3,13385.7,2,1,1,2,0
332,2042,Forward Recall,forward,morning,2,9261.5,0,0,0,0,0
333,2042,Forward Recall,forward,midday,2,18523.7,1,1,0,1,0
334,2042,Forward Recall,forward,evening,2,17824.9,2,1,0,2,0
335,2042,Forward Recall,forward,morning,1,5198.5,0,0,0,0,0
336,2042,Forward Recall,forward,midday,1,25785.1,2,2,0,2,0
337,2042,Forward Recall,forward,evening,1,12545.1,2,0,0,2,0
338,2043,Forward Recall,forward,morning,4,43026.8,6,6,6,6,0
339,2043,Forward Recall,forward,midday,4,12025.2,1,1,1,1,0
340,2043,Forward Recall,forward,evening,4,20773.2,3,2,2,2,1
341,2043,Forward Recall,forward,morning,3,10367.3,1,1,0,1,0
342,2043,Forward Recall,forward,midday,3,12526.7,3,2,2,1,0
343,2043,Forward Recall,forward,evening,3,10586.8,2,1,1,2,0
344,2043,Forward Recall,forward,morning,2,8131.3,1,1,0,1,0
345,2043,Forward Recall,forward,midday,2,14456.8,2,1,1,2,0
346,2043,Forward Recall,forward,evening,2,10469,2,1,1,1,1
347,2043,Forward Recall,forward,morning,1,9525.7,1,1,0,1,0
348,2043,Forward Recall,forward,midday,1,7465.3,1,1,0,1,0
349,2043,Forward Recall,forward,evening,1,13326.1,2,1,1,1,1
350,2044,Free Recall,FR,FR,1,238414,18,0,18,18,0
351,2045,Free Recall,FR,FR,1,252610,23,0,23,16,7
352,2046,Free Recall,FR,FR,1,104742.8,8,0,8,6,2
353,2047,Forward Recall,forward,morning,4,69064.5,13,13,13,13,0
354,2047,Forward Recall,forward,midday,4,135956.2,7,4,4,7,0
355,2047,Forward Recall,forward,evening,4,27671.3,3,2,2,3,0
356,2047,Forward Recall,forward,morning,3,87017,5,5,5,4,0
357,2047,Forward Recall,forward,midday,3,32579.1,5,4,2,5,0
358,2047,Forward Recall,forward,evening,3,66976.5,2,0,0,2,0
359,2047,Forward Recall,forward,morning,2,31333.6,5,5,3,3,2
360,2047,Forward Recall,forward,midday,2,24206.6,4,4,2,4,0
361,2047,Forward Recall,forward,evening,2,28540.2,3,2,2,1,3
362,2047,Forward Recall,forward,morning,1,24157,3,3,2,3,0
363,2047,Forward Recall,forward,midday,1,37264.6,4,2,1,4,0
364,2047,Forward Recall,forward,evening,1,20719.1,2,2,2,1,1
365,2048,Forward Recall,forward,morning,4,23371.2,0,0,0,0,0
366,2048,Forward Recall,forward,midday,4,10109.6,1,1,1,1,0
367,2048,Forward Recall,forward,evening,4,33119.9,0,0,0,0,0
368,2048,Forward Recall,forward,morning,3,29365.1,1,1,1,1,0
369,2048,Forward Recall,forward,midday,3,10494.6,0,0,0,0,0
370,2048,Forward Recall,forward,evening,3,6998.5,0,0,0,0,0
371,2048,Forward Recall,forward,morning,2,9605.8,0,0,0,0,0
372,2048,Forward Recall,forward,midday,2,14477.1,1,1,1,1,0
373,2048,Forward Recall,forward,evening,2,11669.6,0,0,0,0,0
374,2048,Forward Recall,forward,morning,1,7090.5,1,1,1,1,0
375,2048,Forward Recall,forward,midday,1,12385,0,0,0,0,0
376,2048,Forward Recall,forward,evening,1,18106.4,0,0,0,0,0
377,2049,Free Recall,FR,FR,1,44026.8,6,0,6,4,2
378,2050,Backward Recall,backward,evening,1,452836.8,32,32,32,32,0
379,2050,Backward Recall,backward,midday,1,52317.3,18,7,7,18,0
380,2050,Backward Recall,backward,morning,1,61294.2,17,4,4,17,0
381,2050,Backward Recall,backward,evening,2,1012258.2,14,14,2,14,0
382,2050,Backward Recall,backward,midday,2,30904,14,1,1,14,0
383,2050,Backward Recall,backward,morning,2,30078.1,15,0,0,15,0
384,2050,Backward Recall,backward,evening,3,539605.9,33,33,12,33,0
385,2050,Backward Recall,backward,midday,3,31614.5,21,0,0,21,0
386,2050,Backward Recall,backward,morning,3,8605.4,21,0,0,21,0
387,2050,Backward Recall,backward,evening,4,4742.9,21,21,0,21,0
388,2050,Backward Recall,backward,midday,4,4514.5,21,0,0,21,0
389,2050,Backward Recall,backward,morning,4,2301.7,21,0,0,21,0
390,2051,Backward Recall,backward,evening,1,29354.3,2,2,2,2,0
391,2051,Backward Recall,backward,midday,1,45328.5,3,3,3,3,0
392,2051,Backward Recall,backward,morning,1,27440.9,2,2,2,1,1
393,2051,Backward Recall,backward,evening,2,34059.6,2,2,0,2,0
394,2051,Backward Recall,backward,midday,2,16262.6,2,0,0,2,0
395,2051,Backward Recall,backward,morning,2,8694.5,2,0,0,2,0
396,2051,Backward Recall,backward,evening,3,17257.5,3,3,2,3,0
397,2051,Backward Recall,backward,midday,3,10726.8,1,1,0,1,0
398,2051,Backward Recall,backward,morning,3,6667.9,1,0,0,1,0
399,2051,Backward Recall,backward,evening,4,274286.8,3,3,1,3,0
400,2051,Backward Recall,backward,midday,4,69472.5,3,0,0,3,0
401,2051,Backward Recall,backward,morning,4,23046.1,3,0,0,3,0
402,2052,Backward Recall,backward,evening,1,17945,3,3,3,3,0
403,2052,Backward Recall,backward,midday,1,11700,0,0,0,0,0
404,2052,Backward Recall,backward,morning,1,4102,0,0,0,0,0
405,2052,Backward Recall,backward,evening,2,12384,0,0,0,0,0
406,2052,Backward Recall,backward,midday,2,9028,0,0,0,0,0
407,2052,Backward Recall,backward,morning,2,8807,0,0,0,0,0
408,2052,Backward Recall,backward,evening,3,9600,0,0,0,0,0
409,2052,Backward Recall,backward,midday,3,6598,0,0,0,0,0
410,2052,Backward Recall,backward,morning,3,6689,0,0,0,0,0
411,2052,Backward Recall,backward,evening,4,9439,0,0,0,0,0
412,2052,Backward Recall,backward,midday,4,7282,0,0,0,0,0
413,2052,Backward Recall,backward,morning,4,9920,0,0,0,0,0
414,2053,Forward Recall,forward,morning,4,19378.4,4,4,4,4,0
415,2053,Forward Recall,forward,midday,4,13933.3,0,0,0,0,0
416,2053,Forward Recall,forward,evening,4,5420.8,2,2,2,2,0
417,2053,Forward Recall,forward,morning,3,10246.8,2,2,0,2,0
418,2053,Forward Recall,forward,midday,3,9925.9,0,0,0,0,0
419,2053,Forward Recall,forward,evening,3,2581.9,2,0,0,2,0
420,2053,Forward Recall,forward,morning,2,2966.3,2,2,0,2,0
421,2053,Forward Recall,forward,midday,2,6270.4,1,1,1,1,0
422,2053,Forward Recall,forward,evening,2,2094.2,2,0,0,2,0
423,2053,Forward Recall,forward,morning,1,4054.2,2,2,0,2,0
424,2053,Forward Recall,forward,midday,1,3158.3,0,0,0,0,0
425,2053,Forward Recall,forward,evening,1,1622.7,2,0,0,2,0
426,2054,Free Recall,FR,FR,1,76010.6,10,0,10,10,0
427,2055,Forward Recall,forward,morning,4,22543.3,15,15,15,15,0
428,2055,Forward Recall,forward,midday,4,14193.1,3,0,0,3,0
429,2055,Forward Recall,forward,evening,4,9444.9,2,2,2,2,0
430,2055,Forward Recall,forward,morning,3,30649.6,6,6,4,6,0
431,2055,Forward Recall,forward,midday,3,11600.2,1,1,1,1,0
432,2055,Forward Recall,forward,evening,3,12678.3,4,3,3,0,0
433,2055,Forward Recall,forward,morning,2,15513.4,3,2,1,3,0
434,2055,Forward Recall,forward,midday,2,6854.9,2,0,0,2,0
435,2055,Forward Recall,forward,evening,2,30988.4,10,8,7,10,0
436,2055,Forward Recall,forward,morning,1,6267.1,1,1,1,1,0
437,2055,Forward Recall,forward,midday,1,8978.9,4,3,0,4,0
438,2055,Forward Recall,forward,evening,1,8195.2,0,0,0,0,0
439,2056,Forward Recall,forward,morning,4,21799.8,3,3,3,3,-3
440,2056,Forward Recall,forward,midday,4,15225.4,12,12,12,12,0
441,2056,Forward Recall,forward,evening,4,12279.5,1,1,1,1,0
442,2056,Forward Recall,forward,morning,3,31474.6,10,10,9,8,2
443,2056,Forward Recall,forward,midday,3,14962.6,3,3,0,3,0
444,2056,Forward Recall,forward,evening,3,10890.4,3,3,3,3,0
445,2056,Forward Recall,forward,morning,2,8594.6,3,3,0,3,0
446,2056,Forward Recall,forward,midday,2,4565.8,3,0,0,3,0
447,2056,Forward Recall,forward,evening,2,4825.9,3,0,0,3,0
448,2056,Forward Recall,forward,morning,1,6253.3,2,2,0,2,0
449,2056,Forward Recall,forward,midday,1,7979.4,3,1,1,3,0
450,2056,Forward Recall,forward,evening,1,4355.9,3,0,0,3,0
451,2057,Forward Recall,forward,morning,4,20346.2,8,8,8,8,0
452,2057,Forward Recall,forward,midday,4,18944.5,4,4,4,4,0
453,2057,Forward Recall,forward,evening,4,8524,4,0,0,4,0
454,2057,Forward Recall,forward,morning,3,4747.9,4,4,0,4,0
455,2057,Forward Recall,forward,midday,3,3078,5,1,1,4,0
456,2057,Forward Recall,forward,evening,3,1896.5,4,0,0,4,0
457,2057,Forward Recall,forward,morning,2,2860.3,4,4,0,4,0
458,2057,Forward Recall,forward,midday,2,1328.6,4,0,0,4,0
459,2057,Forward Recall,forward,evening,2,1850.3,4,0,0,4,0
460,2057,Forward Recall,forward,morning,1,28069.8,6,6,6,6,0
461,2057,Forward Recall,forward,midday,1,10648.7,2,2,2,2,0
462,2057,Forward Recall,forward,evening,1,4457.9,1,0,0,1,0
463,2058,Forward Recall,forward,morning,4,25800.6,4,4,4,4,0
464,2058,Forward Recall,forward,midday,4,8637.6,6,6,2,6,0
465,2058,Forward Recall,forward,evening,4,5161.1,3,3,3,3,0
466,2058,Forward Recall,forward,morning,3,17579,3,3,0,3,0
467,2058,Forward Recall,forward,midday,3,3995.2,4,1,1,4,0
468,2058,Forward Recall,forward,evening,3,7164.7,3,0,0,3,0
469,2058,Forward Recall,forward,morning,2,4246,1,1,0,1,0
470,2058,Forward Recall,forward,midday,2,5603,1,0,0,1,0
471,2058,Forward Recall,forward,evening,2,26386,1,0,0,1,0
472,2058,Forward Recall,forward,morning,1,24170.9,5,5,1,3,0
473,2058,Forward Recall,forward,midday,1,13484.2,3,2,2,1,2
474,2058,Forward Recall,forward,evening,1,4791.3,0,0,0,0,0
475,2059,Forward Recall,forward,morning,4,13448.9,4,4,4,4,0
476,2059,Forward Recall,forward,midday,4,36010.2,9,5,5,9,0
477,2059,Forward Recall,forward,evening,4,100061.7,19,12,12,17,2
478,2059,Forward Recall,forward,morning,3,39621.2,2,2,2,0,2
479,2059,Forward Recall,forward,midday,3,26663.4,8,5,4,8,0
480,2059,Forward Recall,forward,evening,3,11789.9,3,2,2,1,2
481,2059,Forward Recall,forward,morning,2,24763.6,3,3,2,1,2
482,2059,Forward Recall,forward,midday,2,11739.9,4,3,0,2,2
483,2059,Forward Recall,forward,evening,2,19243.3,4,4,2,4,0
484,2059,Forward Recall,forward,morning,1,26092,3,3,0,1,2
485,2059,Forward Recall,forward,midday,1,14313.8,6,6,0,4,2
486,2059,Forward Recall,forward,evening,1,77150,0,0,0,0,0
487,2060,Forward Recall,forward,morning,4,8548,4,4,4,4,0
488,2060,Forward Recall,forward,midday,4,5585,5,1,1,4,0
489,2060,Forward Recall,forward,evening,4,8166,5,1,1,4,0
490,2060,Forward Recall,forward,morning,3,4034,4,4,0,4,0
491,2060,Forward Recall,forward,midday,3,8477,2,2,2,0,2
492,2060,Forward Recall,forward,evening,3,15989,2,2,2,0,2
493,2060,Forward Recall,forward,morning,2,5855,0,0,0,0,0
494,2060,Forward Recall,forward,midday,2,3054,0,0,0,0,0
495,2060,Forward Recall,forward,evening,2,5564,2,2,2,2,0
496,2060,Forward Recall,forward,morning,1,15821,3,3,1,3,0
497,2060,Forward Recall,forward,midday,1,10427,3,0,0,3,0
498,2060,Forward Recall,forward,evening,1,11588,1,1,1,1,0
499,2061,Forward Recall,forward,morning,4,17532.2,5,5,5,5,0
500,2061,Forward Recall,forward,midday,4,47302.5,2,0,0,2,0
501,2061,Forward Recall,forward,evening,4,27596.9,3,1,1,3,0
502,2061,Forward Recall,forward,morning,3,21355.1,3,3,0,3,0
503,2061,Forward Recall,forward,midday,3,25494.2,3,0,0,3,0
504,2061,Forward Recall,forward,evening,3,9017.9,3,1,1,3,0
505,2061,Forward Recall,forward,morning,2,57591.9,3,3,0,3,0
506,2061,Forward Recall,forward,midday,2,16602,5,2,2,5,0
507,2061,Forward Recall,forward,evening,2,12692.5,4,1,1,4,0
508,2061,Forward Recall,forward,morning,1,10062.6,3,3,0,3,0
509,2061,Forward Recall,forward,midday,1,11239,3,0,0,3,0
510,2061,Forward Recall,forward,evening,1,7978.5,3,0,0,3,0
511,2062,Free Recall,FR,FR,1,78236.4,6,0,0,4,2
512,2063,Free Recall,FR,FR,1,102521.8,11,0,11,9,2
513,2064,Backward Recall,backward,evening,1,32431.3,55,55,55,15,40
514,2064,Backward Recall,backward,midday,1,18837.3,0,0,0,0,0
515,2064,Backward Recall,backward,morning,1,9787.9,0,0,0,0,0
516,2064,Backward Recall,backward,evening,2,43408.6,2,2,0,2,0
517,2064,Backward Recall,backward,midday,2,27679.4,2,1,0,2,0
518,2064,Backward Recall,backward,morning,2,10122.5,2,0,0,2,0
519,2064,Backward Recall,backward,evening,3,102512.9,0,0,0,0,0
520,2064,Backward Recall,backward,midday,3,5281.5,0,0,0,0,0
521,2064,Backward Recall,backward,morning,3,8053.6,0,0,0,0,0
522,2064,Backward Recall,backward,evening,4,36079.5,2,2,0,2,0
523,2064,Backward Recall,backward,midday,4,7307.6,2,0,0,2,0
524,2064,Backward Recall,backward,morning,4,4991.8,0,0,0,0,0
525,2065,Backward Recall,backward,evening,1,21000.4,1,1,1,1,0
526,2065,Backward Recall,backward,midday,1,36827.7,2,2,2,2,0
527,2065,Backward Recall,backward,morning,1,8177.3,2,0,0,2,0
528,2065,Backward Recall,backward,evening,2,55399.5,1,1,1,0,1
529,2065,Backward Recall,backward,midday,2,24610.7,1,1,1,0,1
530,2065,Backward Recall,backward,morning,2,6472.1,1,1,0,1,0
531,2065,Backward Recall,backward,evening,3,12780.4,2,2,1,2,0
532,2065,Backward Recall,backward,midday,3,9348.8,1,0,0,1,0
533,2065,Backward Recall,backward,morning,3,4966.6,1,0,0,1,0
534,2065,Backward Recall,backward,evening,4,11723,2,2,0,2,0
535,2065,Backward Recall,backward,midday,4,31340.3,0,0,0,0,0
536,2065,Backward Recall,backward,morning,4,26218.1,1,0,0,0,1
537,2066,Free Recall,FR,FR,1,183530.9,19,0,19,19,0
538,2067,Free Recall,FR,FR,1,62958.4,11,0,11,10,1
539,2068,Forward Recall,forward,morning,4,65144.4,7,7,7,7,0
540,2068,Forward Recall,forward,midday,4,46525.9,5,5,5,3,2
541,2068,Forward Recall,forward,evening,4,12653.8,2,2,2,2,0
542,2068,Forward Recall,forward,morning,3,15335.7,1,1,0,1,0
543,2068,Forward Recall,forward,midday,3,5489.3,1,3,3,3,0
544,2068,Forward Recall,forward,evening,3,7260.9,2,0,1,2,0
545,2068,Forward Recall,forward,morning,2,8381.6,0,0,0,0,0
546,2068,Forward Recall,forward,midday,2,37714.9,4,4,4,2,2
547,2068,Forward Recall,forward,evening,2,7167.7,0,0,0,0,0
548,2068,Forward Recall,forward,morning,1,9093.2,0,0,0,0,0
549,2068,Forward Recall,forward,midday,1,4739.7,1,1,1,1,0
550,2068,Forward Recall,forward,evening,1,6993.5,0,0,0,0,0
551,2069,Free Recall,FR,FR,1,88752.6,12,0,12,7,5
552,2070,Free Recall,FR,FR,1,223195,12,0,12,10,2
553,2071,Backward Recall,backward,evening,1,8728.2,2,4,4,4,0
554,2071,Backward Recall,backward,midday,1,18347,3,3,3,3,0
555,2071,Backward Recall,backward,morning,1,6617.1,0,0,0,0,0
556,2071,Backward Recall,backward,evening,2,13833.3,4,0,1,4,0
557,2071,Backward Recall,backward,midday,2,11834.4,1,0,0,1,0
558,2071,Backward Recall,backward,morning,2,3215.2,0,0,0,0,0
559,2071,Backward Recall,backward,evening,3,29091.1,2,2,0,2,0
560,2071,Backward Recall,backward,midday,3,49786.5,3,1,1,3,0
561,2071,Backward Recall,backward,morning,3,8542.7,0,0,0,0,0
562,2071,Backward Recall,backward,evening,4,40561.6,5,5,2,5,0
563,2071,Backward Recall,backward,midday,4,4509.4,0,0,0,0,0
564,2071,Backward Recall,backward,morning,4,2356.8,0,0,0,0,0
565,2072,Forward Recall,forward,morning,4,114483.1,8,8,8,7,1
566,2072,Forward Recall,forward,midday,4,50577.2,4,3,3,3,1
567,2072,Forward Recall,forward,evening,4,5544.9,0,0,0,0,0
568,2072,Forward Recall,forward,morning,3,61913.6,6,6,5,2,4
569,2072,Forward Recall,forward,midday,3,68566.3,3,3,2,2,1
570,2072,Forward Recall,forward,evening,3,73415.7,3,1,1,2,1
571,2072,Forward Recall,forward,morning,2,28967.5,1,1,0,1,0
572,2072,Forward Recall,forward,midday,2,32437.9,1,0,0,1,0
573,2072,Forward Recall,forward,evening,2,8048.6,1,0,0,1,0
574,2072,Forward Recall,forward,morning,1,91610.5,5,5,2,5,0
575,2072,Forward Recall,forward,midday,1,6403.2,0,0,0,0,0
576,2072,Forward Recall,forward,evening,1,122020.2,10,5,5,10,0
577,2073,Backward Recall,backward,evening,1,85241.6,10,10,10,8,2
578,2073,Backward Recall,backward,midday,1,26886.2,3,3,3,3,0
579,2073,Backward Recall,backward,morning,1,11530.8,0,0,0,0,0
580,2073,Backward Recall,backward,evening,2,64518.7,1,1,0,1,0
581,2073,Backward Recall,backward,midday,2,34403.9,5,4,2,4,0
582,2073,Backward Recall,backward,morning,2,7139.1,0,0,0,0,0
583,2073,Backward Recall,backward,evening,3,81382.9,4,4,0,4,0
584,2073,Backward Recall,backward,midday,3,33529.7,2,0,0,2,0
585,2073,Backward Recall,backward,morning,3,9411.3,1,0,0,1,0
586,2073,Backward Recall,backward,evening,4,26223.1,5,5,1,5,0
587,2073,Backward Recall,backward,midday,4,9617.3,2,0,0,2,0
588,2073,Backward Recall,backward,morning,4,6790,1,0,0,1,0
589,2074,Backward Recall,backward,evening,1,12087.5,5,5,5,5,0
590,2074,Backward Recall,backward,midday,1,26968.9,7,7,7,7,0
591,2074,Backward Recall,backward,morning,1,8129.3,1,1,1,1,0
592,2074,Backward Recall,backward,evening,2,14235.4,1,1,0,1,0
593,2074,Backward Recall,backward,midday,2,20146.6,5,4,3,4,1
594,2074,Backward Recall,backward,morning,2,8190.5,0,0,0,0,0
595,2074,Backward Recall,backward,evening,3,8055.8,2,2,1,2,0
596,2074,Backward Recall,backward,midday,3,28956.2,4,2,2,4,0
597,2074,Backward Recall,backward,morning,3,7598.2,1,0,0,1,0
598,2074,Backward Recall,backward,evening,4,10734.8,1,1,1,1,0
599,2074,Backward Recall,backward,midday,4,11161.4,2,1,1,2,0
600,2074,Backward Recall,backward,morning,4,16014.9,1,0,0,1,0
601,2075,Backward Recall,backward,evening,1,18513.7,5,5,5,5,0
602,2075,Backward Recall,backward,midday,1,12277.5,12,7,7,7,0
603,2075,Backward Recall,backward,morning,1,7320.4,1,1,1,1,0
604,2075,Backward Recall,backward,evening,2,42795.7,4,4,1,4,0
605,2075,Backward Recall,backward,midday,2,11314.9,3,0,0,3,0
606,2075,Backward Recall,backward,morning,2,7544,1,0,0,1,0
607,2075,Backward Recall,backward,evening,3,18900.5,6,6,3,6,0
608,2075,Backward Recall,backward,midday,3,7472.7,3,0,0,3,0
609,2075,Backward Recall,backward,morning,3,5994.6,1,0,0,1,0
610,2075,Backward Recall,backward,evening,4,66505.4,3,3,0,3,0
611,2075,Backward Recall,backward,midday,4,16049.1,5,2,1,5,0
612,2075,Backward Recall,backward,morning,4,6780.1,3,0,0,3,0
613,2076,Free Recall,FR,FR,1,67851.8,15,0,15,10,5
614,2077,Forward Recall,forward,morning,4,57870,7,7,7,7,0
615,2077,Forward Recall,forward,midday,4,9721.3,2,2,2,2,0
616,2077,Forward Recall,forward,evening,4,10316.4,6,5,5,6,0
617,2077,Forward Recall,forward,morning,3,31385.7,5,5,5,5,0
618,2077,Forward Recall,forward,midday,3,13434,6,1,1,6,0
619,2077,Forward Recall,forward,evening,3,5290.3,3,0,0,3,0
620,2077,Forward Recall,forward,morning,2,9645.5,3,3,0,3,0
621,2077,Forward Recall,forward,midday,2,29372.3,7,5,2,7,0
622,2077,Forward Recall,forward,evening,2,6002.4,3,1,1,3,0
623,2077,Forward Recall,forward,morning,1,9871.2,2,2,0,2,0
624,2077,Forward Recall,forward,midday,1,4490.5,2,0,0,2,0
625,2077,Forward Recall,forward,evening,1,4488.7,0,0,0,0,0
626,2078,Forward Recall,forward,morning,4,89502.3,8,8,8,6,2
627,2078,Forward Recall,forward,midday,4,41825.1,6,6,6,1,5
628,2078,Forward Recall,forward,evening,4,9891.3,1,0,0,1,0
629,2078,Forward Recall,forward,morning,3,31227.5,5,5,5,5,0
630,2078,Forward Recall,forward,midday,3,7526.4,1,1,0,1,0
631,2078,Forward Recall,forward,evening,3,4016.6,1,0,0,1,0
632,2078,Forward Recall,forward,morning,2,40944.5,2,2,2,1,1
633,2078,Forward Recall,forward,midday,2,26790.2,6,5,5,1,5
634,2078,Forward Recall,forward,evening,2,5107.9,0,0,0,0,0
635,2078,Forward Recall,forward,morning,1,38654,7,7,4,7,0
636,2078,Forward Recall,forward,midday,1,10113.5,1,1,1,1,0
637,2078,Forward Recall,forward,evening,1,8562.9,2,0,0,2,0
638,2079,Free Recall,FR,FR,1,127700.3,12,0,12,8,4
639,2080,Forward Recall,forward,morning,4,64248.3,5,5,5,5,0
640,2080,Forward Recall,forward,midday,4,17038,4,3,3,2,2
641,2080,Forward Recall,forward,evening,4,13531.1,3,1,1,3,0
642,2080,Forward Recall,forward,morning,3,19603,3,3,0,3,0
643,2080,Forward Recall,forward,midday,3,6789.9,2,2,1,2,0
644,2080,Forward Recall,forward,evening,3,7117.3,3,1,0,3,0
645,2080,Forward Recall,forward,morning,2,13944,3,3,0,3,0
646,2080,Forward Recall,forward,midday,2,24987.4,4,1,1,3,1
647,2080,Forward Recall,forward,evening,2,10397.6,3,0,0,3,0
648,2080,Forward Recall,forward,morning,1,7181.3,2,2,2,2,0
649,2080,Forward Recall,forward,midday,1,5109.4,1,0,0,1,0
650,2080,Forward Recall,forward,evening,1,6542.8,0,0,0,0,0
651,2081,Free Recall,FR,FR,1,108720,13,0,13,11,2
652,2082,Backward Recall,backward,evening,1,54857.6,5,5,5,5,0
653,2082,Backward Recall,backward,midday,1,135043.3,8,4,4,8,0
654,2082,Backward Recall,backward,morning,1,9579.6,1,1,1,1,0
655,2082,Backward Recall,backward,evening,2,22796.4,3,3,2,3,0
656,2082,Backward Recall,backward,midday,2,230012.9,6,3,2,6,0
657,2082,Backward Recall,backward,morning,2,9951.8,1,0,0,1,0
658,2082,Backward Recall,backward,evening,3,73102.9,2,2,1,2,0
659,2082,Backward Recall,backward,midday,3,4871.4,1,0,0,1,0
660,2082,Backward Recall,backward,morning,3,6010.2,1,0,0,1,0
661,2082,Backward Recall,backward,evening,4,5545.7,1,1,0,1,0
662,2082,Backward Recall,backward,midday,4,8564.2,1,0,0,1,0
663,2082,Backward Recall,backward,morning,4,6266.7,1,0,0,1,0
664,2083,Free Recall,FR,FR,1,260097.9,22,0,22,18,4
665,2084,Forward Recall,forward,morning,4,30453.8,12,12,12,2,10
666,2084,Forward Recall,forward,midday,4,16759.2,0,0,0,0,0
667,2084,Forward Recall,forward,evening,4,7447.5,6,6,6,6,0
668,2084,Forward Recall,forward,morning,3,14368,2,2,0,0,2
669,2084,Forward Recall,forward,midday,3,4026.3,1,1,1,0,0
670,2084,Forward Recall,forward,evening,3,5260.9,7,4,3,5,2
671,2084,Forward Recall,forward,morning,2,14327.4,4,4,0,1,0
672,2084,Forward Recall,forward,midday,2,7910.5,2,2,2,2,0
673,2084,Forward Recall,forward,evening,2,14282.9,3,3,3,1,2
674,2084,Forward Recall,forward,morning,1,20171.7,4,4,2,1,4
675,2084,Forward Recall,forward,midday,1,5473,0,0,0,0,0
676,2084,Forward Recall,forward,evening,1,5308.7,0,0,0,0,0
677,2085,Free Recall,FR,FR,1,109226.1,10,0,10,10,0
678,2086,Backward Recall,backward,evening,1,112874.4,11,11,11,7,4
679,2086,Backward Recall,backward,midday,1,28244.2,3,3,3,0,3
680,2086,Backward Recall,backward,morning,1,4635.8,0,0,0,0,0
681,2086,Backward Recall,backward,evening,2,67619.6,10,10,5,9,1
682,2086,Backward Recall,backward,midday,2,4054.4,0,0,0,0,0
683,2086,Backward Recall,backward,morning,2,3319.2,0,0,0,0,0
684,2086,Backward Recall,backward,evening,3,66815.4,5,5,2,5,0
685,2086,Backward Recall,backward,midday,3,28632.9,1,1,1,1,0
686,2086,Backward Recall,backward,morning,3,12364.5,2,2,2,0,2
687,2086,Backward Recall,backward,evening,4,28925,3,3,0,3,0
688,2086,Backward Recall,backward,midday,4,7436.9,3,3,2,3,0
689,2086,Backward Recall,backward,morning,4,3732.3,0,0,0,0,0
690,2087,Forward Recall,forward,morning,4,178131.3,112,112,112,5,97
691,2087,Forward Recall,forward,midday,4,63075.1,6,6,6,3,3
692,2087,Forward Recall,forward,evening,4,14656.8,3,2,2,3,0
693,2087,Forward Recall,forward,morning,3,50875.1,79,79,32,4,75
694,2087,Forward Recall,forward,midday,3,40959.3,4,1,1,3,1
695,2087,Forward Recall,forward,evening,3,12113.7,3,0,0,3,0
696,2087,Forward Recall,forward,morning,2,12423.9,3,3,0,3,0
697,2087,Forward Recall,forward,midday,2,10436.5,3,0,0,3,0
698,2087,Forward Recall,forward,evening,2,49953.9,5,2,2,5,0
699,2087,Forward Recall,forward,morning,1,23791.6,3,3,0,3,0
700,2087,Forward Recall,forward,midday,1,8376.6,3,0,0,3,0
701,2087,Forward Recall,forward,evening,1,10174.7,3,0,0,3,0
702,2088,Backward Recall,backward,evening,1,98360.4,13,13,13,13,0
703,2088,Backward Recall,backward,midday,1,32959.3,4,3,3,3,0
704,2088,Backward Recall,backward,morning,1,5088,0,0,0,0,0
705,2088,Backward Recall,backward,evening,2,72421.4,15,15,9,12,3
706,2088,Backward Recall,backward,midday,2,23386.1,2,0,0,2,0
707,2088,Backward Recall,backward,morning,2,4327.8,0,0,0,0,0
708,2088,Backward Recall,backward,evening,3,34949.4,10,10,8,10,0
709,2088,Backward Recall,backward,midday,3,8106.4,1,1,1,0,1
710,2088,Backward Recall,backward,morning,3,4029.4,0,0,0,0,0
711,2088,Backward Recall,backward,evening,4,16331.6,0,0,0,0,0
712,2088,Backward Recall,backward,midday,4,4079.1,0,0,0,0,0
713,2088,Backward Recall,backward,morning,4,2585.2,0,0,0,0,0
714,2089,Backward Recall,backward,evening,1,63899,8,8,8,6,2
715,2089,Backward Recall,backward,midday,1,36336.8,1,1,1,1,0
716,2089,Backward Recall,backward,morning,1,11667.2,0,0,0,0,0
717,2089,Backward Recall,backward,evening,2,36694.8,3,3,3,3,0
718,2089,Backward Recall,backward,midday,2,10246.2,3,0,0,3,0
719,2089,Backward Recall,backward,morning,2,13388.1,3,0,0,3,0
720,2089,Backward Recall,backward,evening,3,27731,3,3,2,3,0
721,2089,Backward Recall,backward,midday,3,17623.4,3,0,0,3,0
722,2089,Backward Recall,backward,morning,3,5975,1,0,0,1,0
723,2089,Backward Recall,backward,evening,4,14880.6,3,3,0,3,0
724,2089,Backward Recall,backward,midday,4,32033.4,2,2,2,2,0
725,2089,Backward Recall,backward,morning,4,5679.4,2,0,0,2,0
726,2090,Backward Recall,backward,evening,1,8837,1,1,1,1,0
727,2090,Backward Recall,backward,midday,1,40823.1,2,2,2,0,2
728,2090,Backward Recall,backward,morning,1,6518.5,1,0,0,1,0
729,2090,Backward Recall,backward,evening,2,19153.2,3,3,2,3,0
730,2090,Backward Recall,backward,midday,2,19650.6,1,0,0,1,0
731,2090,Backward Recall,backward,morning,2,4526.7,1,0,0,1,0
732,2090,Backward Recall,backward,evening,3,30735.4,3,3,2,1,2
733,2090,Backward Recall,backward,midday,3,10082.6,1,0,0,1,0
734,2090,Backward Recall,backward,morning,3,3476.1,1,0,0,1,0
735,2090,Backward Recall,backward,evening,4,14877.7,1,1,0,1,0
736,2090,Backward Recall,backward,midday,4,4045,1,0,0,1,0
737,2090,Backward Recall,backward,morning,4,2954.2,1,0,0,1,0
738,2091,Free Recall,FR,FR,1,89697.5,8,0,8,7,1
739,2092,Forward Recall,forward,morning,4,22490,5,5,5,5,0
740,2092,Forward Recall,forward,midday,4,17623,11,8,8,11,0
741,2092,Forward Recall,forward,evening,4,56968.2,3,2,2,3,0
742,2092,Forward Recall,forward,morning,3,14764.7,4,4,2,3,1
743,2092,Forward Recall,forward,midday,3,24485.8,7,3,2,7,1
744,2092,Forward Recall,forward,evening,3,7884.2,2,1,1,2,0
745,2092,Forward Recall,forward,morning,2,20573.3,2,2,2,2,0
746,2092,Forward Recall,forward,midday,2,8338.3,1,1,1,1,0
747,2092,Forward Recall,forward,evening,2,6564.3,0,0,0,0,0
748,2092,Forward Recall,forward,morning,1,35225.5,4,4,2,2,2
749,2092,Forward Recall,forward,midday,1,22903.2,4,3,0,4,0
750,2092,Forward Recall,forward,evening,1,3834.3,0,0,0,0,0
751,2093,Backward Recall,backward,evening,1,6563.4,0,0,0,0,0
752,2093,Backward Recall,backward,midday,1,19109.6,5,5,5,5,0
753,2093,Backward Recall,backward,morning,1,8883.9,1,1,1,1,0
754,2093,Backward Recall,backward,evening,2,14421.7,2,2,2,2,0
755,2093,Backward Recall,backward,midday,2,13290.4,3,3,2,3,0
756,2093,Backward Recall,backward,morning,2,8203.9,1,0,0,1,0
757,2093,Backward Recall,backward,evening,3,9013.5,2,2,0,2,0
758,2093,Backward Recall,backward,midday,3,13874.9,3,3,1,3,0
759,2093,Backward Recall,backward,morning,3,5586.1,1,0,0,1,0
760,2093,Backward Recall,backward,evening,4,20824.1,4,4,1,4,0
761,2093,Backward Recall,backward,midday,4,11298.8,3,2,0,3,0
762,2093,Backward Recall,backward,morning,4,4943.8,1,0,0,1,0
763,2094,Free Recall,FR,FR,1,131319,6,0,6,2,4
764,2095,Free Recall,FR,FR,1,143205.4,10,0,10,6,4
765,2096,Forward Recall,forward,morning,4,44141.4,1,1,1,1,0
766,2096,Forward Recall,forward,midday,4,30587.1,26,26,26,26,0
767,2096,Forward Recall,forward,evening,4,81483.4,20,20,20,20,0
768,2096,Forward Recall,forward,morning,3,63345,0,0,0,0,0
769,2096,Forward Recall,forward,midday,3,35014.4,14,14,13,2,12
770,2096,Forward Recall,forward,evening,3,7474.3,2,2,0,2,0
771,2096,Forward Recall,forward,morning,2,13928.4,0,0,0,0,0
772,2096,Forward Recall,forward,midday,2,39504.4,7,7,4,7,0
773,2096,Forward Recall,forward,evening,2,14993.2,4,2,2,4,0
774,2096,Forward Recall,forward,morning,1,6410.3,0,0,0,0,0
775,2096,Forward Recall,forward,midday,1,7959.7,1,1,1,0,0
776,2096,Forward Recall,forward,evening,1,6039,0,0,0,0,0
777,2097,Backward Recall,backward,evening,1,15631.4,5,5,5,5,0
778,2097,Backward Recall,backward,midday,1,8077.5,3,3,3,3,0
779,2097,Backward Recall,backward,morning,1,3442.6,0,0,0,0,0
780,2097,Backward Recall,backward,evening,2,27473.6,5,5,4,5,0
781,2097,Backward Recall,backward,midday,2,17177.3,2,1,1,2,0
782,2097,Backward Recall,backward,morning,2,4874.4,0,0,0,0,0
783,2097,Backward Recall,backward,evening,3,12327,2,2,0,2,0
784,2097,Backward Recall,backward,midday,3,6214,0,0,0,0,0
785,2097,Backward Recall,backward,morning,3,2397.3,0,0,0,0,0
786,2097,Backward Recall,backward,evening,4,28071.2,1,1,0,1,0
787,2097,Backward Recall,backward,midday,4,5999.1,0,0,0,0,0
788,2097,Backward Recall,backward,morning,4,25299,6,5,5,6,0
789,2098,Forward Recall,forward,morning,4,29441.2,1,1,1,1,0
790,2098,Forward Recall,forward,midday,4,47347.8,13,13,13,13,0
791,2098,Forward Recall,forward,evening,4,81636.1,12,5,5,8,4
792,2098,Forward Recall,forward,morning,3,5441.3,0,0,0,0,0
793,2098,Forward Recall,forward,midday,3,52586.7,7,7,6,7,0
794,2098,Forward Recall,forward,evening,3,49308.8,12,5,4,12,0
795,2098,Forward Recall,forward,morning,2,15931.6,1,1,1,1,0
796,2098,Forward Recall,forward,midday,2,28348,3,3,2,3,0
797,2098,Forward Recall,forward,evening,2,31861.1,2,2,2,2,0
798,2098,Forward Recall,forward,morning,1,16789,1,1,0,1,0
799,2098,Forward Recall,forward,midday,1,56233.9,5,5,3,5,0
800,2098,Forward Recall,forward,evening,1,13929.8,1,0,0,0,0
801,2099,Backward Recall,backward,evening,1,22287.7,2,2,2,2,0
802,2099,Backward Recall,backward,midday,1,12966.7,0,0,0,0,0
803,2099,Backward Recall,backward,morning,1,38025.6,2,2,2,2,0
804,2099,Backward Recall,backward,evening,2,17088.6,0,0,0,0,0
805,2099,Backward Recall,backward,midday,2,4928.1,0,0,0,0,0
806,2099,Backward Recall,backward,morning,2,5826.4,0,0,0,0,0
807,2099,Backward Recall,backward,evening,3,30467.3,0,0,0,0,0
808,2099,Backward Recall,backward,midday,3,11448.4,2,2,2,2,0
809,2099,Backward Recall,backward,morning,3,13062.1,1,1,1,1,0
810,2099,Backward Recall,backward,evening,4,50716,1,1,1,1,0
811,2099,Backward Recall,backward,midday,4,61965.5,0,0,0,0,0
812,2099,Backward Recall,backward,morning,4,3932.9,0,0,0,0,0
813,2100,Backward Recall,backward,evening,1,11825.9,0,0,0,0,0
814,2100,Backward Recall,backward,midday,1,60072.9,9,9,9,9,0
815,2100,Backward Recall,backward,morning,1,573447.4,1,0,0,1,0
816,2100,Backward Recall,backward,evening,2,85122.6,2,2,1,2,0
817,2100,Backward Recall,backward,midday,2,29620.9,3,2,2,3,0
818,2100,Backward Recall,backward,morning,2,12980.6,3,1,1,3,0
819,2100,Backward Recall,backward,evening,3,27449.7,3,3,1,3,0
820,2100,Backward Recall,backward,midday,3,130575.7,1,0,0,1,0
821,2100,Backward Recall,backward,morning,3,37576.3,4,2,2,4,0
822,2100,Backward Recall,backward,evening,4,22549.7,2,2,1,2,0
823,2100,Backward Recall,backward,midday,4,13028.8,2,0,0,2,0
824,2100,Backward Recall,backward,morning,4,57852.7,1,0,0,1,0
825,2101,Backward Recall,backward,evening,1,6866.2,0,0,0,0,0
826,2101,Backward Recall,backward,midday,1,11013.9,4,4,4,4,0
827,2101,Backward Recall,backward,morning,1,29227.5,9,9,9,4,5
828,2101,Backward Recall,backward,evening,2,6593.3,2,2,2,2,0
829,2101,Backward Recall,backward,midday,2,20514.4,4,2,2,4,0
830,2101,Backward Recall,backward,morning,2,5961.4,1,0,0,1,0
831,2101,Backward Recall,backward,evening,3,4331,0,0,0,0,0
832,2101,Backward Recall,backward,midday,3,20697.4,5,5,5,2,3
833,2101,Backward Recall,backward,morning,3,6741.5,1,0,1,1,0
834,2101,Backward Recall,backward,evening,4,3329.4,1,1,1,1,0
835,2101,Backward Recall,backward,midday,4,2798.1,2,2,1,2,0
836,2101,Backward Recall,backward,morning,4,5027,1,0,0,1,0
837,2102,Free Recall,FR,FR,1,49477.5,12,0,12,12,0
838,2103,Backward Recall,backward,evening,1,9552,0,0,0,0,0
839,2103,Backward Recall,backward,midday,1,8810.2,0,0,0,0,0
840,2103,Backward Recall,backward,morning,1,42970.1,8,8,8,6,2
841,2103,Backward Recall,backward,evening,2,39148.1,6,6,4,6,0
842,2103,Backward Recall,backward,midday,2,63603.7,8,4,2,7,1
843,2103,Backward Recall,backward,morning,2,55884.1,1,0,0,1,0
844,2103,Backward Recall,backward,evening,3,11745.4,3,3,2,3,0
845,2103,Backward Recall,backward,midday,3,29905.6,4,4,4,0,4
846,2103,Backward Recall,backward,morning,3,63471.1,6,6,6,0,6
847,2103,Backward Recall,backward,evening,4,93732.4,5,4,4,3,2
848,2103,Backward Recall,backward,midday,4,32607.8,5,2,2,5,0
849,2103,Backward Recall,backward,morning,4,5111.2,0,0,0,0,0
850,2104,Free Recall,FR,FR,1,78849.2,11,0,11,11,0
851,2105,Free Recall,FR,FR,1,52338.6,4,0,4,0,4
852,2106,Backward Recall,backward,evening,1,69808,13,13,13,10,3
853,2106,Backward Recall,backward,midday,1,23761.7,1,1,1,1,0
854,2106,Backward Recall,backward,morning,1,45405.4,17,11,11,4,13
855,2106,Backward Recall,backward,evening,2,66363.7,9,9,7,6,1
856,2106,Backward Recall,backward,midday,2,29858.7,8,2,1,5,3
857,2106,Backward Recall,backward,morning,2,8882.6,4,4,4,4,0
858,2106,Backward Recall,backward,evening,3,17208.6,6,2,2,6,0
859,2106,Backward Recall,backward,midday,3,39087.6,8,2,2,6,2
860,2106,Backward Recall,backward,morning,3,6482.8,1,0,0,1,0
861,2106,Backward Recall,backward,evening,4,40552.6,5,4,4,5,0
862,2106,Backward Recall,backward,midday,4,22030.3,6,1,1,5,1
863,2106,Backward Recall,backward,morning,4,17112.9,2,2,2,0,2
864,2107,Backward Recall,backward,evening,1,69808,8,8,8,8,0
865,2107,Backward Recall,backward,midday,1,23761.7,1,0,0,1,0
866,2107,Backward Recall,backward,morning,1,45405.4,14,12,12,4,8
867,2107,Backward Recall,backward,evening,2,66363.7,7,7,6,5,2
868,2107,Backward Recall,backward,midday,2,29858.7,9,2,2,7,2
869,2107,Backward Recall,backward,morning,2,8882.6,4,0,0,4,0
870,2107,Backward Recall,backward,evening,3,17208.6,6,6,0,6,0
871,2107,Backward Recall,backward,midday,3,39087.6,7,1,1,6,1
872,2107,Backward Recall,backward,morning,3,6482.8,1,0,0,1,0
873,2107,Backward Recall,backward,evening,4,40552.6,5,5,4,5,0
874,2107,Backward Recall,backward,midday,4,22030.3,6,1,1,5,1
875,2107,Backward Recall,backward,morning,4,17112.9,2,2,2,0,2
876,2108,Forward Recall,forward,morning,4,65397.4,3,3,3,3,0
877,2108,Forward Recall,forward,midday,4,19720.1,0,0,0,0,0
878,2108,Forward Recall,forward,evening,4,3813,0,0,0,0,0
879,2108,Forward Recall,forward,morning,3,6662.1,1,1,1,1,0
880,2108,Forward Recall,forward,midday,3,6755.2,1,1,1,1,0
881,2108,Forward Recall,forward,evening,3,5020.8,1,1,1,0,0
882,2108,Forward Recall,forward,morning,2,8226.1,2,2,1,2,0
883,2108,Forward Recall,forward,midday,2,5525.4,2,2,2,2,0
884,2108,Forward Recall,forward,evening,2,4467.4,0,0,0,0,0
885,2108,Forward Recall,forward,morning,1,4630.2,1,1,0,0,0
886,2108,Forward Recall,forward,midday,1,5135.7,1,1,1,0,0
887,2108,Forward Recall,forward,evening,1,4716.1,0,0,0,0,0
888,2109,Forward Recall,forward,morning,4,25447.7,10,10,10,10,0
889,2109,Forward Recall,forward,midday,4,22009.5,4,4,4,4,0
890,2109,Forward Recall,forward,evening,4,17233,4,3,3,4,0
891,2109,Forward Recall,forward,morning,3,16924.7,0,0,0,0,0
892,2109,Forward Recall,forward,midday,3,21121.9,7,7,4,7,0
893,2109,Forward Recall,forward,evening,3,6152.7,8,1,1,8,0
894,2109,Forward Recall,forward,morning,2,9794.2,7,7,0,7,0
895,2109,Forward Recall,forward,midday,2,7855.6,7,0,0,7,0
896,2109,Forward Recall,forward,evening,2,11907.7,5,5,2,5,0
897,2109,Forward Recall,forward,morning,1,7724.9,0,0,0,0,0
898,2109,Forward Recall,forward,midday,1,14923.4,6,6,4,6,0
899,2109,Forward Recall,forward,evening,1,10940.4,5,1,0,5,0
900,2110,Free Recall,FR,FR,1,33611,5,0,5,5,0
901,2111,Backward Recall,backward,evening,1,41177.6,7,7,7,5,2
902,2111,Backward Recall,backward,midday,1,74985.1,11,8,8,7,4
903,2111,Backward Recall,backward,morning,1,40640.8,4,3,3,3,1
904,2111,Backward Recall,backward,evening,2,44758,10,10,5,8,2
905,2111,Backward Recall,backward,midday,2,74084.4,6,3,2,6,0
906,2111,Backward Recall,backward,morning,2,9959.3,3,0,0,3,0
907,2111,Backward Recall,backward,evening,3,88893.1,12,12,7,10,2
908,2111,Backward Recall,backward,midday,3,19135.4,5,1,0,5,0
909,2111,Backward Recall,backward,morning,3,16377.6,3,0,0,3,0
910,2111,Backward Recall,backward,evening,4,159288,10,10,4,8,2
911,2111,Backward Recall,backward,midday,4,13531.8,5,1,1,5,0
912,2111,Backward Recall,backward,morning,4,11751.4,5,0,0,5,0
913,2112,Backward Recall,backward,evening,1,47854.5,2,2,2,2,0
914,2112,Backward Recall,backward,midday,1,30542.4,3,2,2,3,0
915,2112,Backward Recall,backward,morning,1,12372.3,5,3,3,5,0
916,2112,Backward Recall,backward,evening,2,72379,5,5,2,3,2
917,2112,Backward Recall,backward,midday,2,48189.3,3,0,0,3,0
918,2112,Backward Recall,backward,morning,2,32002.2,2,1,1,2,0
919,2112,Backward Recall,backward,evening,3,167386.1,7,7,2,5,2
920,2112,Backward Recall,backward,midday,3,109591.7,8,4,3,6,2
921,2112,Backward Recall,backward,morning,3,97470,4,1,1,3,1
922,2112,Backward Recall,backward,evening,4,82675.9,1,1,0,1,0
923,2112,Backward Recall,backward,midday,4,116719.2,6,5,2,3,3
924,2112,Backward Recall,backward,morning,4,52162.9,5,2,1,4,1
925,2113,Free Recall,FR,FR,1,26425,9,0,9,9,0
926,2114,Backward Recall,backward,evening,1,55128.8,6,6,6,6,0
927,2114,Backward Recall,backward,midday,1,75734.9,1,1,1,1,0
928,2114,Backward Recall,backward,morning,1,12006.9,1,0,0,1,0
929,2114,Backward Recall,backward,evening,2,65853,10,10,8,2,8
930,2114,Backward Recall,backward,midday,2,9171.2,2,0,0,2,0
931,2114,Backward Recall,backward,morning,2,9667.7,1,0,0,1,0
932,2114,Backward Recall,backward,evening,3,16701.5,4,4,3,4,0
933,2114,Backward Recall,backward,midday,3,14910.8,1,0,0,1,0
934,2114,Backward Recall,backward,morning,3,4319.5,1,0,0,1,0
935,2114,Backward Recall,backward,evening,4,26197.6,3,3,2,3,0
936,2114,Backward Recall,backward,midday,4,8712.2,1,1,1,1,0
937,2114,Backward Recall,backward,morning,4,4320.4,1,0,0,1,0
938,2115,Free Recall,FR,FR,1,126099.3,6,0,6,6,0
939,2116,Forward Recall,forward,morning,4,33781.9,7,7,7,7,0
940,2116,Forward Recall,forward,midday,4,36784,5,4,4,5,0
941,2116,Forward Recall,forward,evening,4,7796.6,4,4,4,0,4
942,2116,Forward Recall,forward,morning,3,10686.6,4,4,4,0,4
943,2116,Forward Recall,forward,midday,3,4863.5,4,0,0,0,4
944,2116,Forward Recall,forward,evening,3,4876.8,4,4,4,0,4
945,2116,Forward Recall,forward,morning,2,40886,0,0,0,0,0
946,2116,Forward Recall,forward,midday,2,10589.2,2,2,2,2,0
947,2116,Forward Recall,forward,evening,2,7095.7,2,2,0,2,0
948,2116,Forward Recall,forward,morning,1,15690.6,2,2,0,2,0
949,2116,Forward Recall,forward,midday,1,8044.5,2,0,0,2,0
950,2116,Forward Recall,forward,evening,1,4918.6,0,0,0,0,0
951,2117,Forward Recall,forward,morning,4,27907.2,8,8,8,8,0
952,2117,Forward Recall,forward,midday,4,9822.4,2,2,2,2,0
953,2117,Forward Recall,forward,evening,4,23027.9,7,5,5,7,0
954,2117,Forward Recall,forward,morning,3,6940.1,2,2,0,2,0
955,2117,Forward Recall,forward,midday,3,4115.4,2,0,0,2,0
956,2117,Forward Recall,forward,evening,3,5679,3,1,1,3,0
957,2117,Forward Recall,forward,morning,2,5081.4,2,2,0,2,0
958,2117,Forward Recall,forward,midday,2,15774.5,9,5,3,9,0
959,2117,Forward Recall,forward,evening,2,3364.2,2,0,0,2,0
960,2117,Forward Recall,forward,morning,1,5928.4,2,2,0,2,0
961,2117,Forward Recall,forward,midday,1,7262.6,0,0,0,0,0
962,2117,Forward Recall,forward,evening,1,9291.8,0,0,0,0,0
963,2118,Backward Recall,backward,evening,1,47419.2,10,10,10,10,0
964,2118,Backward Recall,backward,midday,1,34610.4,5,2,2,5,0
965,2118,Backward Recall,backward,morning,1,21820.8,1,1,1,1,0
966,2118,Backward Recall,backward,evening,2,96703.5,6,6,4,6,0
967,2118,Backward Recall,backward,midday,2,24610.1,4,0,0,4,0
968,2118,Backward Recall,backward,morning,2,9097,1,1,1,1,0
969,2118,Backward Recall,backward,evening,3,52497.7,6,6,2,6,0
970,2118,Backward Recall,backward,midday,3,21312,3,0,0,3,0
971,2118,Backward Recall,backward,morning,3,4541,0,0,0,0,0
972,2118,Backward Recall,backward,evening,4,36287.2,4,4,0,4,0
973,2118,Backward Recall,backward,midday,4,11745,2,1,0,2,0
974,2118,Backward Recall,backward,morning,4,4530.4,1,1,1,1,0
975,2119,Backward Recall,backward,evening,1,8728.2,5,5,5,5,0
976,2119,Backward Recall,backward,midday,1,18347,7,4,4,7,0
977,2119,Backward Recall,backward,morning,1,6617.1,0,0,0,0,0
978,2119,Backward Recall,backward,evening,2,13833.3,7,7,3,7,0
979,2119,Backward Recall,backward,midday,2,11834.4,1,0,0,1,0
980,2119,Backward Recall,backward,morning,2,3215.2,0,0,0,0,0
981,2119,Backward Recall,backward,evening,3,29091.1,3,3,3,3,0
982,2119,Backward Recall,backward,midday,3,49786.5,3,1,1,3,0
983,2119,Backward Recall,backward,morning,3,8542.7,0,0,0,0,0
984,2119,Backward Recall,backward,evening,4,40561.6,5,5,2,5,0
985,2119,Backward Recall,backward,midday,4,4509.4,0,0,0,0,0
986,2119,Backward Recall,backward,morning,4,2356.8,0,0,0,0,0
987,2120,Backward Recall,backward,evening,1,54857.6,12,12,12,12,0
988,2120,Backward Recall,backward,midday,1,135043.3,8,4,4,8,0
989,2120,Backward Recall,backward,morning,1,9579.6,1,1,1,1,0
990,2120,Backward Recall,backward,evening,2,22796.4,3,3,2,3,0
991,2120,Backward Recall,backward,midday,2,230012.9,6,4,2,6,0
992,2120,Backward Recall,backward,morning,2,9951.8,1,0,0,1,0
993,2120,Backward Recall,backward,evening,3,73102.9,2,2,1,2,0
994,2120,Backward Recall,backward,midday,3,4871.4,1,1,0,1,0
995,2120,Backward Recall,backward,morning,3,6010.2,1,0,0,1,0
996,2120,Backward Recall,backward,evening,4,5545.7,1,1,0,1,0
997,2120,Backward Recall,backward,midday,4,8564.2,1,0,0,1,0
998,2120,Backward Recall,backward,morning,4,6266.7,1,0,0,1,0
